{
  "$id": "1",
  "OverrideIds": false,
  "NewBlueprints": {
    "$id": "2",
    "BeastDefencesRMFeature": "d7ec6485-a6b9-41d2-a67c-af0afadb4238",
    "BeastWrestlerBrawler": "dda026b3-f79d-44a6-b81e-5c8bce8d7994",
    "BeastWrestlerFavoredEnemySelection": "3c5be31b-e9f0-4e8e-8306-f9c0e43f1670",
    "BlindVenomousStrikeAbility": "fbe0b8a6-1b24-4bc7-9a3b-51f0291c0dda",
    "BrawlerExemplar": "0864a8c5-eae5-4557-bb25-b30ba5c46e66",
    "BrawlerFieldInstructionAbility": "24feb74f-fbe8-4c92-b003-c7ed2681b23b",
    "BrawlerMutagenicMauler": "8b5eff4b-0308-4075-9060-1d1c8b9018bf",
    "BrawlersStrikeAlignmentFeatureSelection": "439ab161-1e8b-462e-bb10-f1d84bda9846",
    "CallToArmsAbility": "06cbfaf7-4578-42dc-b949-88c53d774c7c",
    "CallToArmsAbilityFeature": "582d3da7-a0b9-432f-94ef-db965506aab4",
    "CallToArmsBuff": "02ca76ed-1120-44fb-802c-13acddb9b625",
    "CallToArmsMoveFeature": "1995e14a-e4ca-49dc-a052-86dc7ee3cb8b",
    "CallToArmsSwiftFeature": "12f3a752-5056-4e43-a26c-a849e487421f",
    "ConstitutionVenomousStrikeAbility": "095cd01a-3520-469f-bc71-1c17a647519d",
    "ConstitutionVenomousStrikeBuff": "bd17a5da-efd2-49e3-8b46-ab866510a035",
    "ConstitutionVenomousStrikeEffectBuff": "d82595e8-8813-4350-98e1-0784c1dc067e",
    "DazedNonMindAffectingBuff": "ff51ed71-f5af-475e-b503-e6999b4d6fc8",
    "DazedNonMindAffectingBuffVenomousStrikeAbility": "2bd043b8-00ad-4900-b807-84bc55f6e07c",
    "DexterityVenomousStrikeAbility": "9f6e118e-db5c-41c4-9514-5197d4567b4f",
    "DexterityVenomousStrikeBuff": "536b0d95-c505-4644-8e19-bfc5f9411356",
    "DexterityVenomousStrikeEffectBuff": "46c877bc-290a-4fb6-a10b-f2c722d31423",
    "ExemplarCallToArmsResource": "6e3dab7a-eda2-4763-9e23-49304c3af0f9",
    "ExemplarInspireCourageToggleAbility": "8438a466-f26a-49f4-a597-00894c08826c",
    "ExemplarInspireCourageToggleAbilityFeature": "cc5fab05-86a3-4959-9426-0a5b44c22772",
    "ExemplarInspireGreatnessToggleAbility": "e2c7c057-82c8-4c20-93a5-8497a1546b48",
    "ExemplarInspireGreatnessToggleAbilityFeature": "1dedb910-d1d7-4799-8164-7423bba6d5fb",
    "ExemplarInspireHeroicsToggleAbility": "4f3722da-5660-447d-bec2-91ef0da53a47",
    "ExemplarInspireHeroicsToggleAbilityFeature": "50d91272-bd57-46e0-a522-37255687bdc7",
    "ExemplarInspiringProwessFeature": "ba4469ed-4d13-460b-a717-9770eabec41a",
    "ExemplarTacticianAlliedSpellcasterAbility": "d6d3fb24-c4c9-457f-9ed1-c84a31163a72",
    "ExemplarTacticianBackToBackAbility": "001fdbeb-db88-495a-9d26-7558ffa2d283",
    "ExemplarTacticianCoordinatedDefenseAbility": "648b0efe-d935-4ace-9ed4-3dd787def3e5",
    "ExemplarTacticianCoordinatedManeuversAbility": "e68fed95-aecd-4e22-8085-da8534e0d6af",
    "ExemplarTacticianOutflankAbility": "93c55cbb-5a22-4f8f-948e-6fadcd538933",
    "ExemplarTacticianPreciseStrikeAbility": "0c5088b5-ba10-48aa-9a39-e445cb0f405b",
    "ExemplarTacticianShakeItOffAbility": "e4077edd-5f34-4dcf-8273-3094d7c33579",
    "ExemplarTacticianShieldedCasterAbility": "28c29532-6ac0-4560-a3ae-2b23cbe81e7b",
    "ExemplarTacticianShieldWallAbility": "95113315-71ae-427e-a62c-7f8413dfd1d8",
    "ExemplarTacticianSiezeTheMomentAbility": "62b1cbe4-11ee-4153-b1cb-03cf702176ef",
    "ExemplarTacticianTandemTripAbility": "e4325d4c-87cb-4236-ae39-925b2f69d176",
    "ExemplarTacticianVolleyFireAbility": "93f9a314-cea5-47bb-a863-f96521cf5bb5",
    "ExhaustedVenomousStrikeAbility": "889ca247-96ed-47f8-b216-d615d78b5b07",
    "FatiguedVenomousStrikeAbility": "35776b52-2a54-42f3-a3b8-e5dced86204d",
    "FieldInstrucitonResource": "72c31b6e-856e-48b3-abd6-663bab25a61d",
    "FieldInstructionFeature": "e8d1988a-b0ac-49ae-ad08-98098ba52500",
    "HPVenomousStrikeAbility": "d538bab1-7506-41d5-81ac-2a3ad65e6c99",
    "HPVenomousStrikeBuff": "d3c2588d-7ccb-4208-8e1d-82dfa9eec2c6",
    "HPVenomousStrikeEffectBuff": "b193cb76-bb2a-49fa-92c2-7f7f62a9f04f",
    "ImmuneToSecondaryVenomfistEffect": "c1b7b310-5336-4b67-aa9d-6cdcb9efef47",
    "MutagenicMaulerBeastmorphBlindsenseBuff": "1592a5fc-1083-4768-b10d-52e3f0d492b2",
    "MutagenicMaulerBeastmorphBlindsenseFeature": "6102dce3-457f-4198-85a2-7da101d7138f",
    "MutagenicMaulerBeastmorphSpeedBonusBuff": "7147dbcc-7c07-4e71-ba74-e69e21ff6e0f",
    "MutagenicMaulerBeastmorphSpeedBonusFeature": "b8e5eb94-358e-405b-bc68-a3a1a0553887",
    "MutagenicMaulerDamageBonusFeature": "5ed9eac5-0ab7-4d56-9a31-228b3cc8b94f",
    "MutagenicMaulerDiscovery": "bc44a5c7-038e-49b1-9028-01f2e97594ae",
    "MutagenicMaulerGreaterMutagen": "a2f80544-1636-4ce9-a12b-24fd8d48dd71",
    "MutagenicMaulerMutagen": "509148e8-7264-4cc6-9611-a7c646c1c3f6",
    "MutagenincMaulerDamageBonusBuff": "588cf4ea-f1de-4137-84af-82f06e23c892",
    "RMAnimalCompanionSelectionWildCHild": "238b4c2d-8562-4067-8af3-62f386c3d273",
    "RMAwesomeBlowAction": "97830aa5-1772-4cfd-b585-6ae7556deccb",
    "RMAwesomeBlowFeat": "b1192c3f-5000-41e3-844c-8da9d1468497",
    "RMAwesomeBlowImprovedFeature": "894378df-e2b0-48cf-a196-41fd4eff6097",
    "RMBeastTrainingAberrationsFeature": "c14cee0a-4170-4974-b709-3be54c355df7",
    "RMBeastTrainingAnimalsFeature": "ac58e98d-00d2-4216-841c-2d78e770006c",
    "RMBeastTrainingConstructsFeature": "89389c98-af75-4ff0-a2b4-daccd226a54e",
    "RMBeastTrainingDragonsFeature": "a3081e69-450a-4226-9b89-b4eea2eaf9bc",
    "RMBeastTrainingFeyFeature": "f5c006f7-7eb5-49cb-81e3-ccd223ca9efd",
    "RMBeastTrainingGiantsFeature": "50b41844-3892-4142-b4ae-45277149b4b8",
    "RMBeastTrainingMagicalBeastsFeature": "b123f085-3683-4b5c-b363-801b18c68ac4",
    "RMBeastTrainingMonstrousHumanoidFeature": "530ce11a-5555-4991-8abb-e9cdd1461859",
    "RMBeastTrainingOutsiderFeature": "550fe4a2-2e68-4e3a-bfc0-40d40a6d9165",
    "RMBeastTrainingPlantFeature": "5fb86a9e-0e9f-4bd0-b40c-359cb64c3646",
    "RMBeastTrainingUndeadFeature": "5b1ee563-111e-407c-8307-52002dc83ca2",
    "RMBeastTrainingVerminFeature": "6f198866-3b42-47dd-b2fd-39fbe9f1fffa",
    "RMBrawlerAbundantMythic": "3ccaac95-78f8-4ff4-b965-2e06d324b9c9",
    "RMBrawlerACBonusFeature": "47484d2b-f282-4bf5-80b8-147e4950d375",
    "RMBrawlerACBonusUnlock": "a45c6361-f953-43f7-aba0-c4e32ecf4d5c",
    "RMBrawlerCloseWeaponMasteryFeature": "030bc5c7-6397-4fa4-82b4-ad61d6f8ce2b",
    "RMBrawlerCombatFeat": "93acb287-d012-446f-9bc4-f6203d3e57d6",
    "RMBrawlerHybridClass": "1c44d137-1225-40d5-aed8-18fd7902625f",
    "RMBrawlerKiStrikeMagic": "80e70c23-9b3f-4548-86ff-782ed2ae81ad",
    "RMBrawlerKnockoutAbility": "adf31a58-4395-4226-b718-701254bf578b",
    "RMBrawlerKnockoutAbilityFeature": "d99d7846-7762-4271-ac57-7a7db2d6579a",
    "RMBrawlerKnockoutBuff": "1e14203d-d8eb-4fae-92bf-e015ee9091ce",
    "RMBrawlerKnockoutOwnerBuff": "745557f3-ecce-4fe1-93de-1f537ee75742",
    "RMBrawlerKnockoutResource": "8bb0f35e-e04f-4bfd-8f60-4edb11c7c0aa",
    "RMBrawlerMartialTrainingFeat": "3cd837f2-0e4a-4161-9999-2f477af4513f",
    "RMBrawlerProficiencies": "86dd17c9-e67c-4d27-b8af-11050ae87707",
    "RMBrawlerProgression": "080095b7-ce03-4e0e-aec6-2d789f37333a",
    "RMBrawlersCunningFeature": "7f0d4916-d134-48ba-9844-ac3c0532bf79",
    "RMBrawlersFlurry11Unlock": "73c8e227-1636-4785-87c3-84e724846d79",
    "RMBrawlersFlurryUnlock": "c38ab2c7-b442-449d-9196-1979879a3262",
    "RMBrawlersStrikeAdamantine": "812dc0fe-9c09-4dd2-bcf2-869fa34dea6a",
    "RMBrawlersStrikeChaotic": "e84e3bfc-b0a4-4606-aeb2-b099bb655d23",
    "RMBrawlersStrikeEvil": "273f83d5-3438-4ab0-92bf-1359c4a28044",
    "RMBrawlersStrikeGood": "758f60a9-7d85-43fa-93cf-e750ee9d6bad",
    "RMBrawlersStrikeLawful": "9c8d27aa-22a5-4e78-9d49-313fcff1f977",
    "RMBrawlerStrikeColdIronSilver": "bea2154f-211d-45c5-b3ff-70298e512bd8",
    "RMBrawlerTwoWeaponFlurryActivatable": "e9873332-83fe-458f-8bfb-b01026c44ed7",
    "RMBrawlerTwoWeaponFlurryEnabledBuff": "a81deb9d-4f64-444d-8188-197b508e5ec4",
    "RMBrawlerUnarmedStrikeFeature": "e9916df8-324d-4369-bdab-ccdacbf69efd",
    "RMFavouriteTurfAbyssFeature": "66b5ab09-4dd7-4cf3-99f4-2b942db8eb5e",
    "RMFavouriteTurfDesertFeature": "2f637002-cf89-4ba9-85ab-d64b1f5bc27e",
    "RMFavouriteTurfForestFeature": "8fbb7379-ffcf-44c2-97c4-ecba494263d5",
    "RMFavouriteTurfHighlandsFeature": "a8b4c2cc-c3d7-4d4e-8859-d11aa9af09d3",
    "RMFavouriteTurfUndergroundFeature": "177de16c-2c0c-4179-a67b-c458edd10a9c",
    "RMFavouriteTurfUrbanFeature": "dd6d2ec6-c611-4219-9df0-bcec6b52c993",
    "RMManeuverTraining1100Feature": "de4238bf-d146-4033-a01e-40dd11462166",
    "RMManeuverTraining1BullRushFeature": "27ed22a9-7ba1-40a4-8cba-4badf8720d62",
    "RMManeuverTraining1DirtyTrickBlindFeature": "d25f1eac-cd6b-4f6c-a6cd-b4a354e95669",
    "RMManeuverTraining1DisarmFeature": "3381bbef-93f8-49cc-876f-60ff995c515f",
    "RMManeuverTraining1FeatureSelection": "6a3cf2d1-7358-4b7a-98b1-75a489990bcd",
    "RMManeuverTraining1SunderArmorFeature": "c3d3b024-5f8f-4f54-8918-ed79c324aa9c",
    "RMManeuverTraining1TripFeature": "967ec376-057a-460d-96b6-f192f06a0a8d",
    "RMManeuverTraining2100Feature": "8ad1532e-784b-4139-913c-f8de69767959",
    "RMManeuverTraining2BullRushFeature": "e5f5b4ee-e439-4001-8a87-844e00e66471",
    "RMManeuverTraining2DirtyTrickBlindFeature": "ce9af7fa-a380-45ee-8235-6182b883780f",
    "RMManeuverTraining2DisarmFeature": "9846e149-2872-4d72-8e32-03d9099f4fb6",
    "RMManeuverTraining2FeatureSelection": "9e03b677-4fa2-4218-a528-7fe0e830ad92",
    "RMManeuverTraining2SunderArmorFeature": "20cba2a4-03d5-478e-b2e7-7e80ee895bee",
    "RMManeuverTraining2TripFeature": "e5540327-a0e7-4c58-a19c-e111406ebba9",
    "RMManeuverTraining3100Feature": "1d52ebde-6f49-4dcf-96a1-03ae97bcf779",
    "RMManeuverTraining3BullRushFeature": "54ccabbb-7316-4155-b1ff-8727646d2bf6",
    "RMManeuverTraining3DirtyTrickBlindFeature": "c775ce89-23fd-429c-a83a-08bfdeec5b00",
    "RMManeuverTraining3DisarmFeature": "61009f6f-9e36-447b-a438-a919b256765c",
    "RMManeuverTraining3FeatureSelection": "7656037d-ffc1-4d03-b906-0d5a49cdf5c4",
    "RMManeuverTraining3SunderArmorFeature": "c670f4f2-587d-49f6-85e3-3da68354ea40",
    "RMManeuverTraining3TripFeature": "ed94dfed-81dc-44fe-a983-4d1866dcb0a8",
    "RMManeuverTraining4100Feature": "79b336ab-d825-402d-9a0f-269f7f86d687",
    "RMManeuverTraining4BullRushFeature": "5669ee5e-fc82-4957-9079-8592e7ea78df",
    "RMManeuverTraining4DirtyTrickBlindFeature": "6ccab2e2-516d-4ccc-9764-60de12732886",
    "RMManeuverTraining4DisarmFeature": "cfb5457c-feff-4b8f-9deb-afd6a40bfc23",
    "RMManeuverTraining4FeatureSelection": "f555e53d-51fe-4cc2-90c4-122035e348f1",
    "RMManeuverTraining4SunderArmorFeature": "d58d3de1-c6d6-41d4-afdb-b00f5fe6c88e",
    "RMManeuverTraining4TripFeature": "afb7c0e2-a769-48af-8f87-850ed9972433",
    "RMManeuverTraining5100Feature": "409735f2-26ab-469a-a54d-0e931172707e",
    "RMManeuverTraining5BullRushFeature": "0898883b-3c1d-4af9-a560-ca47b62b92c6",
    "RMManeuverTraining5DirtyTrickBlindFeature": "cb668913-89be-49cf-8be8-ac4c16a4c926",
    "RMManeuverTraining5DisarmFeature": "dad3b680-2325-4b69-86b3-46c034baa08e",
    "RMManeuverTraining5FeatureSelection": "cc0fcdb3-beeb-416d-844a-5639a628a54a",
    "RMManeuverTraining5SunderArmorFeature": "6790e282-f4b6-456f-b26e-b86a45457539",
    "RMManeuverTraining5TripFeature": "f8c637c8-59dd-4a64-8ec9-323969daa860",
    "RMPerfectWarriorBrawlerFeature": "04d0c7f6-f7d6-4588-9bf7-d99d883b7ed9",
    "RMTerrainMasteryFeature": "0b68fd71-0db3-4580-8754-20256640b174",
    "RMWildChild": "095987c1-8f0e-43b9-97da-9df56d881ad7",
    "RMWildChildAnimalCompanionProgression": "1c0185a7-c2b6-4495-8dc6-11ddc7d0d3c7",
    "RMWildChildMountedCombatFeats": "0109dfbb-6cb4-41e8-99d2-d39d0abcb3ac",
    "ShakenVenomousStrikeAbility": "ca5d13b4-5e4b-42c6-9013-4b1628002d6b",
    "SickenedVenomousStrikeAbility": "442febe5-9644-4ed8-9ad9-4444f0fd7cfd",
    "SnakebiteStriker": "29de8d32-92fb-4d2d-83e3-2c512c2f46d4",
    "SnakebiteStrikerOpportunist": "685ec9b5-9e53-4516-aeae-9199fd43df4f",
    "StaggeredVenomousStrikeAbility": "23dad49d-399c-42ca-ac46-7355bf305617",
    "SteelBreakerBrawler": "f10bd46f-99e8-4537-b4a2-070125ad6c1c",
    "SteelBreakerDisarmTraining": "76076413-1a30-4062-af52-ef6a14dde56b",
    "SteelBreakerExploitWeaknessFeature": "b1bb9204-ae8a-46ce-ae88-af0e746c9da0",
    "SteelBreakerExplotWeaknessAttackBuff": "3576636e-43da-4644-9fff-f4cf96c4c3cd",
    "SteelBreakerExplotWeaknessAttackBuffAbility": "c2d12e19-fb3d-4a58-bb4e-c98e4ef3283f",
    "SteelBreakerExplotWeaknessDefenseBuff": "840e23ae-519e-4ddc-85ba-d98eac58dcb9",
    "SteelBreakerExplotWeaknessDefenseBuffAbility": "e7d77b14-ae5e-4b99-84ee-f40185c88214",
    "SteelBreakerSunderTraining": "8885018b-a227-4126-bd41-90170144e986",
    "StrengthVenomousStrikeAbility": "cc25dac2-5f21-4a27-8ca7-826a65e189ee",
    "StrengthVenomousStrikeBuff": "63d29a58-5d09-4a33-af37-d4038f942732",
    "StrengthVenomousStrikeEffectBuff": "fb538269-1589-4c04-b3c7-d8dcf81bbde5",
    "StunnedVenomousStrikeAbility": "92263c47-03ae-4ff7-80b8-29e07f8e4e59",
    "TurferBrawler": "a47bef6c-356f-4ce4-9272-3aba5b234e6a",
    "TurferFavoredTurfSelection": "b77f4f31-1b44-4700-9450-9f7a3147d691",
    "VenomfistBrawler": "d6b25cb5-a5c2-4481-a5d4-bc78f0f41a67",
    "VenomfistSecondaryEffectBuff": "b1f16938-db3b-440a-aaf1-1f79e505dc2f",
    "VenomousStrike10Feature": "5f74c919-765b-4a06-8214-f891e0fb3d3d",
    "VenomousStrike16Feature": "6b90a9a1-326e-44a6-942a-48395bf8859b",
    "VenomousStrike1Feature": "fc11a724-d03a-4a79-8bb5-e1b742eb1c04",
    "VenomousStrike4Feature": "36545ce6-629c-479c-a98a-91313c41e216",
    "VenomousStrike5Feature": "9bc93c3d-8701-4851-aaae-a6bafab8e3c2",
    "VenomousStrikeBlind": "398bc53b-fa6d-4563-8e02-0ba02804a26c",
    "VenomousStrikeDazedNonMindAffectingBuff": "a4627a67-68f0-4735-b01b-cc54cb35ed9c",
    "VenomousStrikeExhausted": "f2a0edc7-381f-4611-b8ef-0411bad8c3fe",
    "VenomousStrikeFatigued": "e4e209cd-9bca-4c6d-9c00-9c16560643c1",
    "VenomousStrikeSecondaryEffectBaseAbility": "66cd8029-2cbc-451d-8ad5-4a8680d78e04",
    "VenomousStrikeSecondaryEffectResource": "2e354fae-f71a-4911-8265-cef48c82d81b",
    "VenomousStrikeShaken": "262c6c9e-98f1-4e99-a11d-5df10d816582",
    "VenomousStrikeSickened": "646a3977-aa0d-4361-995d-698052f96bc4",
    "VenomousStrikeStaggered": "0ad95a13-b093-4411-b5f7-be11d0c034a3",
    "VenomousStrikeStatBuffResource": "ba891749-e403-4c94-bbb1-6bb256fd61e1",
    "VenomousStrikeStatDamageBase": "dd2c9ab2-613d-41eb-b7c6-01c92b2821b0",
    "VenomousStrikeStunned": "e7dd2a2f-5f26-481d-a3f7-1f164af1d61b"
  },
  "AutoGenerated": {
    "$id": "3",
    "BrawlerMutagenicMauler": "d5115353-7f2a-4c6b-a26a-fc70bca7ef88"
  },
  "UnusedGUIDs": {
    "$id": "4"
  }
}